{
  "featureEngineering": {
    "funct": "sameData",
    "settings": {
      "none": true
    }
  },
  "tidyCovariates": {
    "populationSize": 21826,
    "deletedRedundantCovariateIds": 4163261102,
    "deletedInfrequentCovariateIds": [1112807410, 1113348302, 1123698410, 1123896410, 1175267702, 3039928702, 3042773702, 4030412502, 4059239802, 4113488502, 4121185702, 4123024102, 4159411702, 4175704102, 4183085102, 4183213102, 4196262102, 4213279102, 4221834102, 4245997702, 4247127802, 4253206102, 4259116102, 4282621102, 21491193802, 21600001410, 21600002410, 21600003410, 21600038410, 21600220410, 21600221410, 21600229410, 21600959410, 21600960410, 21600961410, 21600985410, 21601738410, 21601880410, 21601898410, 21601903410, 21602745410, 21602746410, 21603550410, 21603931410, 21603932410, 21604015410, 21604016410, 21604104410, 21604172410, 21604180410, 21604253410, 21604303410, 21604304410, 21604606410, 21604678410, 21605144410, 21605180410, 21605181410, 35917221702, 35918000702, 37020683702, 37311606802, 40484595702, 44803803702, 46272913502, 1175267550706, 2000000198702, 2000000199702, 2000000200702, 2000000201702, 2000000202702, 2000000203702, 3039928295706, 4121185587706, 4245997531706, 21494051587706, 35917221588706, 44803803550706, 2.00000019858771e+15, 2.00000019955471e+15, 2.00000020058771e+15, 2.00000020155471e+15, 2.00000020258771e+15, 2.00000020355471e+15],
    "normFactors": {
      "covariateId": [1002, 1903, 1904, 1112807410, 1113348302, 1123698410, 1123896410, 1175267702, 3008841702, 3039928702, 3042773702, 3044724702, 3047277702, 4025371802, 4030412502, 4040922502, 4051100802, 4059239802, 4113488502, 4121185702, 4123024102, 4157482802, 4159411702, 4163261102, 4171594802, 4175704102, 4179963802, 4183085102, 4183213102, 4196262102, 4213085802, 4213279102, 4221834102, 4236300702, 4245997702, 4247127802, 4253206102, 4259116102, 4269746702, 4272032702, 4276520502, 4278515502, 4282621102, 21491193802, 21493943702, 21494051702, 21600001410, 21600002410, 21600003410, 21600038410, 21600220410, 21600221410, 21600229410, 21600959410, 21600960410, 21600961410, 21600985410, 21601738410, 21601880410, 21601898410, 21601903410, 21602745410, 21602746410, 21603550410, 21603931410, 21603932410, 21604015410, 21604016410, 21604104410, 21604172410, 21604180410, 21604253410, 21604303410, 21604304410, 21604606410, 21604678410, 21605144410, 21605180410, 21605181410, 35917195702, 35917221702, 35918000702, 35918319702, 35918791702, 35918889702, 37020683702, 37311606802, 40484595702, 44803803702, 46272913502, 1175267550706, 2000000198702, 2000000199702, 2000000200702, 2000000201702, 2000000202702, 2000000203702, 3039928295706, 4121185587706, 4245997531706, 4272032842706, 21493943587706, 21494051587706, 35917221588706, 44803803550706, 2.00000019858771e+15, 2.00000019955471e+15, 2.00000020058771e+15, 2.00000020155471e+15, 2.00000020258771e+15, 2.00000020355471e+15],
      "maxValue": [80, 1, 2, 1, 1, 1, 1, 1, 1, 1, 1, 1, 1, 1, 1, 1, 1, 1, 1, 1, 1, 1, 1, 1, 1, 1, 1, 1, 1, 1, 1, 1, 1, 1, 1, 1, 1, 1, 1, 1, 1, 1, 1, 1, 1, 1, 1, 1, 1, 1, 1, 1, 1, 1, 1, 1, 1, 1, 1, 1, 1, 1, 1, 1, 1, 1, 1, 1, 1, 1, 1, 1, 1, 1, 1, 1, 1, 1, 1, 1, 1, 1, 1, 1, 1, 1, 1, 1, 1, 1, 372, 1, 1, 1, 1, 1, 1, 4, 58.05, 35.49, 1098, 8000, 130, 62, 600, 16.58, 100, 4.63, 47, 0.67, 20],
      "attr_class": "data.frame",
      "attr_row.names": [1, 2, 3, 4, 5, 6, 7, 8, 9, 10, 11, 12, 13, 14, 15, 16, 17, 18, 19, 20, 21, 22, 23, 24, 25, 26, 27, 28, 29, 30, 31, 32, 33, 34, 35, 36, 37, 38, 39, 40, 41, 42, 43, 44, 45, 46, 47, 48, 49, 50, 51, 52, 53, 54, 55, 56, 57, 58, 59, 60, 61, 62, 63, 64, 65, 66, 67, 68, 69, 70, 71, 72, 73, 74, 75, 76, 77, 78, 79, 80, 81, 82, 83, 84, 85, 86, 87, 88, 89, 90, 91, 92, 93, 94, 95, 96, 97, 98, 99, 100, 101, 102, 103, 104, 105, 106, 107, 108, 109, 110, 111]
    }
  },
  "requireDenseMatrix": false
}
